use edu
go


insert into department
(dno,dname,dhome,dzipcode,dtel)
values
('1','法政学院','河北省石家庄市裕华区南二环东路20号','50024','80788100'),
('2','教育学院','河北省石家庄市裕华区南二环东路20号','50024','80788101'),
('3','软件学院','河北省石家庄市裕华区南二环东路20号','50024','80788102'),
('4','数信学院','河北省石家庄市裕华区南二环东路20号','50024','80788102')

go

insert into student
(sno,sname,sex,[native],birthday,pno,dno,classno,entime,home,tel)

values

('20101001','张三','男','河北沧州','1989-03-15 ','2','1','2','2010-9-1','河北省沧州市',NULL),
('20101002','张强','男','河北邢台','1990-05-01 ','2','1','2','2010-9-1','河北省邢台市','13145322345'),
('20101003','张小兵','男','山东济南','1991-05-02 ','1','2','4','2010-9-1','河北省唐山市',NULL),
('20101004','李燕','女','山东济南','1991-05-02 ',NULL,'2','1','2010-9-1','山东省济南市','15194598762'),
('20101005','李晓','女','山东德州','1991-05-02 ','1','2','4','2010-9-1','山东省德州市','15394598762'),
('20101006','上官青','女','陕西西安','1993-05-02 ','3','3','1','2010-9-1','陕西省西安市',NULL),
('20101007','李晓芳','女','陕西西安','1993-05-02 ','3','1','1','2010-9-1','陕西省西安市','15867598762'),
('20101008','上官文宏','女','北京市','1988-05-02 ',NULL,'3','3','2010-9-1','北京市','15897598762'),
('20101009','上官文宏','女','河北保定','1988-05-02 ','3','3','1','2010-9-1','山东省青岛市','15897598762'),
('20101010','张倩','女','河北保定','1988-11-02 ','1','2','3','2010-9-1','河北省保定市','13897595671'),
('20101011','刘英伟','男','河北保定','1988-11-02 ',NULL,'3','2','2010-9-1','河北省保定市','15197595671'),
('20101012','刘伟','男','河北保定','1989-11-02 ','1','2','2','2010-9-1','河北省保定市','15397595671'),
('20101013','翟南','男','上海市','1989-11-21 ','3','4','3','2010-9-1','上海市','137093837332'),
('20101014','窦士厝','男','云南昆明','1988-10-02 ','3','4','1','2010-9-1','云南省昆明市','131311948930')

GO

insert into course
(cno,cname,cpno,experiment, lecture, semester, credit)
values
('1','数据库系统概论','3',20,72,1,3),
('2','100%掌握财务报表','7',30,54,1,2),
('3','数据结构','5',30,72,2,4),
('4','c++程序设计','5',15,72,2,4),
('5','c语言程序设计',NULL,18,72,2,3),
('6','WEB开发',NULL,28,54,1,3),
('7','计算机导论',NULL,10,32,1,1)

go


insert into student_course
(sno,cno,score)
values
('20101001','1',90),
('20101001','2',70),
('20101001','3',95),
('20101001','4',90),
('20101001','5',88),
('20101001','6',NULL),
('20101001','7',NULL),
('20101002','2',65),
('20101002','4',89),
('20101002','6',NULL),
('20101003','2',90),
('20101003','3',89),
('20101003','4',90),
('20101004','2',65),
('20101004','4',87),
('20101004','5',90),
('20101004','6',NULL),
('20101005','4',92),
('20101005','6',NULL),
('20101007','4',90),
('20101007','5',88),
('20101007','6',NULL),
('20101009','2',80),
('20101010','3',75),
('20101010','5',88),
('20101009','7',80),
('20101004','7',70),
('20101003','7',86)

go

insert into teacher
(tno,tname,sex,birthday,dno,title,home,zipcode,tel,email)
values
('836001','董青','男','1975-04-26','1','讲师','河北省石家庄市','50000','13798789765','dong@gmail.com'),
('836002','李亮','男','1975-04-27','1','副教授','河北省石秦皇岛市','66000','15198789765','liliang@gmail.com'),
('836003','李晓亮','男','1975-04-28','1','讲师','河北省石家庄市','50000','13898789765','lixl@gmail.com'),
('836004','项天','男','1975-04-29','2','副教授','河北省石家庄市','50000','13138789765','xy23@gmail.com'),
('836005','余孝天','男','1975-04-30','2','教授','北京市','100000','13845649765','yugong@gmail.com'),
('836006','鲁婵娟','女','1975-05-01','3','副教授','河北省石家庄市','50000','15145249765','chanjuan@163.com'),
('836007','李冉冉','女','1975-05-02','3','讲师','河北省唐山市','63000','15145649765','ranran@sina.com'),
('836008','庄文','男','1975-05-03','2','教授','河北省唐山市','63000','13845649765','zw1965@sina.com'),
('836009','李晓璐','女','1975-05-04','3','讲师','河北省石家庄市','50000','15875649765','lxl@sina.com'),
('836010','范娜','女','1975-05-05','3','讲师','山东省济南市','250000','13693020392','fn@163.com'),
('836011','萧不语','男','1975-05-06','2','讲师','新疆自治区乌鲁木齐市','830000','13098333290','xby@163.com')

go


insert into teacher_course
(tcid,tno,classno,cno,semester,schoolyear,classtime,classroom,weektime)
values
(1,'836001','1','1','1','2010','8:00-11:00','公教楼305',3),
(2,'836001','1','2','1','2010','8:00-11:00','公教楼305',3),
(3,'836002','2','2','1','2010','8:00-11:00','c301',3),
(4,'836002','2','3','1','2010','8:00-10:00','c302',2),
(5,'836003','2','1','1','2010','8:00-10:00','c302',2),
(6,'836003','1','3','1','2010','14:00-16:00','c302',2),
(7,'836003','3','4','1','2010','14:00-16:00','c304',2),
(8,'836004','2','3','3','2010','14:00-17:00','c204',3),
(9,'836005','2','3','2','2010','14:00-17:00','c204',3),
(10,'836006','2','3','1','2010','14:00-17:00','c301',3),
(11,'836007','2','3','2','2010','14:00-17:00','c201',3),
(12,'836007','3','4','2','2010','14:00-17:00','c204',3),
(13,'836007','3','5','2','2010','14:00-17:00','c201',3),
(14,'836006','3','4','8','2010','14:00-17:00','c201',3),
(15,'836006','3','5','9','2010','14:00-17:00','c201',3),
(16,'836006','3','6','8','2010','14:00-17:00','c201',3),
(17,'836005','3','5','7','2010','14:00-17:00','c302',3),
(18,'836004','3','4','6','2010','14:00-17:00','c201',3),
(19,'836003','3','5','5','2010','14:00-17:00','c201',3),
(20,'836003','2','5','4','2010','14:00-17:00','c201',3)

go

