use edu
go

insert into department
(dno,dname,dhome,dzipcode,dtel)
values
('1','法政学院','河北省石家庄市裕华区南二环东路20号','50024','80788100'),
('2','教育学院','河北省石家庄市裕华区南二环东路20号','50024','80788101'),
('3','软件学院','河北省石家庄市裕华区南二环东路20号','50024','80788102'),
('4','数信学院','河北省石家庄市裕华区南二环东路20号','50024','80788102')

go

insert into student
(sno,sname,sex,[native],birthday,pno,dno,classno,entime,home,tel)

values

('20101001','张三','男','河北沧州','1989-03-15 ','2','1','2','2010-9-1','河北省沧州市',NULL),
('20101002','张强','男','河北邢台','1990-05-01 ','2','1','2','2010-9-1','河北省邢台市','13145322345'),
('20101003','张小兵','男','山东济南','1991-05-02 ','1','2','4','2010-9-1','河北省唐山市',NULL),
('20101004','李燕','女','山东济南','1991-05-02 ',NULL,'2','1','2010-9-1','山东省济南市','15194598762'),
('20101005','李晓','女','山东德州','1991-05-02 ','1','2','4','2010-9-1','山东省德州市','15394598762'),
('20101006','上官青','女','陕西西安','1993-05-02 ','3','3','1','2010-9-1','陕西省西安市',NULL),
('20101007','李晓芳','女','陕西西安','1993-05-02 ','3','1','1','2010-9-1','陕西省西安市','15867598762'),
('20101008','上官文宏','女','北京市','1988-05-02 ',NULL,'3','3','2010-9-1','北京市','15897598762'),
('20101009','上官文宏','女','河北保定','1988-05-02 ','3','3','1','2010-9-1','山东省青岛市','15897598762'),
('20101010','张倩','女','河北保定','1988-11-02 ','1','2','3','2010-9-1','河北省保定市','13897595671'),
('20101011','刘英伟','男','河北保定','1988-11-02 ',NULL,'3','2','2010-9-1','河北省保定市','15197595671'),
('20101012','刘伟','男','河北保定','1989-11-02 ','1','2','2','2010-9-1','河北省保定市','15397595671'),
('20101013','翟南','男','上海市','1989-11-21 ','3','4','3','2010-9-1','上海市','137093837332'),
('20101014','窦士厝','男','云南昆明','1988-10-02 ','3','4','1','2010-9-1','云南省昆明市','131311948930')

GO

insert into course
(cno,cname,cpno,experiment, lecture, semester, credit,stulimits)
values
('1','数据库系统概论','3',20,72,1,3,5),
('2','100%掌握财务报表','7',30,54,1,2,5),
('3','数据结构','5',30,72,2,4,5),
('4','c++程序设计','5',15,72,2,4,5),
('5','c语言程序设计',NULL,18,72,2,3,5),
('6','WEB开发',NULL,28,54,1,3,5),
('7','计算机导论',NULL,10,32,1,1,5)

go


insert into student_course
(sno,cno,score)
values
('20101001','1',90),
('20101001','2',70),
('20101001','3',95),
('20101001','4',90),
('20101001','5',88),
('20101001','6',NULL),
('20101001','7',NULL),
('20101002','2',65),
('20101002','4',89),
('20101002','6',NULL),
('20101003','2',90),
('20101003','3',89),
('20101003','4',90),
('20101004','2',65),
('20101004','4',87),
('20101004','5',90),
('20101004','6',NULL),
('20101005','4',92),
('20101005','6',NULL),
('20101007','4',90),
('20101007','5',88),
('20101007','6',NULL),
('20101009','2',80),
('20101010','3',75),
('20101010','5',88),
('20101009','7',80),
('20101004','7',70),
('20101003','7',86)

go



