use edu
go

insert into department
(dno,dname,dhome,dzipcode,dtel,stu_num)
values
('1','法政学院','河北省石家庄市裕华区南二环东路20号','50024','80788100',0),
('2','教育学院','河北省石家庄市裕华区南二环东路20号','50024','80788101',0),
('3','软件学院','河北省石家庄市裕华区南二环东路20号','50024','80788102',0),
('4','数信学院','河北省石家庄市裕华区南二环东路20号','50024','80788102',0)

go


insert into course
(cno,cname,cpno,experiment, lecture, semester, credit,stulimits,cur_num)
values
('1','数据库系统概论','3',20,72,1,3,5,0),
('2','100%掌握财务报表','7',30,54,1,2,5,0),
('3','数据结构','5',30,72,2,4,5,0),
('4','c++程序设计','5',15,72,2,4,5,0),
('5','c语言程序设计',NULL,18,72,2,3,5,0),
('6','WEB开发',NULL,28,54,1,3,5,0),
('7','计算机导论',NULL,10,32,1,1,5,0)

go

insert into teacher
(tno,tname,sex,birthday,dno,title,home,zipcode,tel,email)
values
('836001','董青','男','1975-04-26','1','讲师','河北省石家庄市','50000','13798789765','dong@gmail.com'),
('836002','李亮','男','1975-04-27','1','副教授','河北省石秦皇岛市','66000','15198789765','liliang@gmail.com'),
('836003','李晓亮','男','1975-04-28','1','讲师','河北省石家庄市','50000','13898789765','lixl@gmail.com'),
('836004','项天','男','1975-04-29','2','副教授','河北省石家庄市','50000','13138789765','xy23@gmail.com'),
('836005','余孝天','男','1975-04-30','2','教授','北京市','100000','13845649765','yugong@gmail.com'),
('836006','鲁婵娟','女','1975-05-01','3','副教授','河北省石家庄市','50000','15145249765','chanjuan@163.com'),
('836007','李冉冉','女','1975-05-02','3','讲师','河北省唐山市','63000','15145649765','ranran@sina.com'),
('836008','庄文','男','1975-05-03','2','教授','河北省唐山市','63000','13845649765','zw1965@sina.com'),
('836009','李晓璐','女','1975-05-04','3','讲师','河北省石家庄市','50000','15875649765','lxl@sina.com'),
('836010','范娜','女','1975-05-05','3','讲师','山东省济南市','250000','13693020392','fn@163.com'),
('836011','萧不语','男','1975-05-06','2','讲师','新疆自治区乌鲁木齐市','830000','13098333290','xby@163.com')

go